,M,D,O,n,Fvco,Fpfd,Fref,Fout,Fout (MHz),delay,delay (ps),stability metric
298,120,1,12,95,1200000000.0,83333.33333333333,10000000,100000000.0,100.0,1.0416666666666677e-10,104.16666666666677,0.7800979492824527
241,110,1,11,87,1100000000.0,90909.09090909091,10000000,100000000.0,100.0,1.136363636363645e-10,113.6363636363645,0.7162423278776018
189,100,1,10,79,1000000000.0,100000.0,10000000,100000000.0,100.0,1.2499999999999946e-10,124.99999999999947,0.6525069716242662
141,90,1,9,71,900000000.0,111111.11111111111,10000000,100000000.0,100.0,1.3888888888888958e-10,138.8888888888896,0.588931968906284
98,80,1,8,63,800000000.0,125000.0,10000000,100000000.0,100.0,1.5625000000000016e-10,156.25000000000017,0.5255774522994129
60,70,1,7,55,700000000.0,142857.14285714287,10000000,100000000.0,100.0,1.78571428571429e-10,178.57142857142898,0.462537915851272
297,120,1,12,94,1200000000.0,83333.33333333333,10000000,100000000.0,100.0,2.0833333333333354e-10,208.33333333333354,0.7800979492824527
240,110,1,11,86,1100000000.0,90909.09090909091,10000000,100000000.0,100.0,2.2727272727272735e-10,227.27272727272737,0.7162423278776018
188,100,1,10,78,1000000000.0,100000.0,10000000,100000000.0,100.0,2.500000000000006e-10,250.0000000000006,0.6525069716242662
140,90,1,9,70,900000000.0,111111.11111111111,10000000,100000000.0,100.0,2.777777777777775e-10,277.7777777777775,0.588931968906284
296,120,1,12,93,1200000000.0,83333.33333333333,10000000,100000000.0,100.0,3.125000000000003e-10,312.50000000000034,0.7800979492824527
239,110,1,11,85,1100000000.0,90909.09090909091,10000000,100000000.0,100.0,3.4090909090909186e-10,340.90909090909184,0.7162423278776018
59,70,1,7,54,700000000.0,142857.14285714287,10000000,100000000.0,100.0,3.57142857142858e-10,357.14285714285796,0.462537915851272
187,100,1,10,77,1000000000.0,100000.0,10000000,100000000.0,100.0,3.7500000000000005e-10,375.00000000000006,0.6525069716242662
295,120,1,12,92,1200000000.0,83333.33333333333,10000000,100000000.0,100.0,4.166666666666671e-10,416.6666666666671,0.7800979492824527
238,110,1,11,84,1100000000.0,90909.09090909091,10000000,100000000.0,100.0,4.545454545454547e-10,454.54545454545473,0.7162423278776018
96,80,1,8,61,800000000.0,125000.0,10000000,100000000.0,100.0,4.687500000000005e-10,468.7500000000005,0.5255774522994129
186,100,1,10,76,1000000000.0,100000.0,10000000,100000000.0,100.0,4.999999999999995e-10,499.99999999999955,0.6525069716242662
294,120,1,12,91,1200000000.0,83333.33333333333,10000000,100000000.0,100.0,5.208333333333339e-10,520.8333333333338,0.7800979492824527
58,70,1,7,53,700000000.0,142857.14285714287,10000000,100000000.0,100.0,5.357142857142853e-10,535.7142857142853,0.462537915851272
138,90,1,9,68,900000000.0,111111.11111111111,10000000,100000000.0,100.0,5.55555555555555e-10,555.555555555555,0.588931968906284
237,110,1,11,83,1100000000.0,90909.09090909091,10000000,100000000.0,100.0,5.681818181818192e-10,568.1818181818193,0.7162423278776018
293,120,1,12,90,1200000000.0,83333.33333333333,10000000,100000000.0,100.0,6.250000000000006e-10,625.0000000000007,0.7800979492824527
236,110,1,11,82,1100000000.0,90909.09090909091,10000000,100000000.0,100.0,6.818181818181821e-10,681.8181818181821,0.7162423278776018
137,90,1,9,67,900000000.0,111111.11111111111,10000000,100000000.0,100.0,6.944444444444446e-10,694.4444444444446,0.588931968906284
57,70,1,7,52,700000000.0,142857.14285714287,10000000,100000000.0,100.0,7.142857142857143e-10,714.2857142857143,0.462537915851272
292,120,1,12,89,1200000000.0,83333.33333333333,10000000,100000000.0,100.0,7.291666666666674e-10,729.1666666666674,0.7800979492824527
184,100,1,10,74,1000000000.0,100000.0,10000000,100000000.0,100.0,7.500000000000001e-10,750.0000000000001,0.6525069716242662
94,80,1,8,59,800000000.0,125000.0,10000000,100000000.0,100.0,7.812500000000008e-10,781.2500000000008,0.5255774522994129
235,110,1,11,81,1100000000.0,90909.09090909091,10000000,100000000.0,100.0,7.954545454545449e-10,795.4545454545449,0.7162423278776018
291,120,1,12,88,1200000000.0,83333.33333333333,10000000,100000000.0,100.0,8.333333333333342e-10,833.3333333333342,0.7800979492824527
183,100,1,10,73,1000000000.0,100000.0,10000000,100000000.0,100.0,8.749999999999996e-10,874.9999999999995,0.6525069716242662
56,70,1,7,51,700000000.0,142857.14285714287,10000000,100000000.0,100.0,8.928571428571433e-10,892.8571428571433,0.462537915851272
234,110,1,11,80,1100000000.0,90909.09090909091,10000000,100000000.0,100.0,9.090909090909094e-10,909.0909090909095,0.7162423278776018
290,120,1,12,87,1200000000.0,83333.33333333333,10000000,100000000.0,100.0,9.37500000000001e-10,937.500000000001,0.7800979492824527
135,90,1,9,65,900000000.0,111111.11111111111,10000000,100000000.0,100.0,9.722222222222221e-10,972.2222222222222,0.588931968906284
182,100,1,10,72,1000000000.0,100000.0,10000000,100000000.0,100.0,1.0000000000000007e-09,1000.0000000000007,0.6525069716242662
233,110,1,11,79,1100000000.0,90909.09090909091,10000000,100000000.0,100.0,1.0227272727272723e-09,1022.7272727272723,0.7162423278776018
289,120,1,12,86,1200000000.0,83333.33333333333,10000000,100000000.0,100.0,1.041666666666666e-09,1041.666666666666,0.7800979492824527
55,70,1,7,50,700000000.0,142857.14285714287,10000000,100000000.0,100.0,1.0714285714285723e-09,1071.4285714285722,0.462537915851272
92,80,1,8,57,800000000.0,125000.0,10000000,100000000.0,100.0,1.0937499999999995e-09,1093.7499999999995,0.5255774522994129
134,90,1,9,64,900000000.0,111111.11111111111,10000000,100000000.0,100.0,1.1111111111111117e-09,1111.1111111111118,0.588931968906284
181,100,1,10,71,1000000000.0,100000.0,10000000,100000000.0,100.0,1.1250000000000001e-09,1125.0000000000002,0.6525069716242662
232,110,1,11,78,1100000000.0,90909.09090909091,10000000,100000000.0,100.0,1.1363636363636368e-09,1136.3636363636367,0.7162423278776018
288,120,1,12,85,1200000000.0,83333.33333333333,10000000,100000000.0,100.0,1.1458333333333328e-09,1145.8333333333328,0.7800979492824527
287,120,1,12,84,1200000000.0,83333.33333333333,10000000,100000000.0,100.0,1.2499999999999996e-09,1249.9999999999995,0.7800979492824527
286,120,1,12,83,1200000000.0,83333.33333333333,10000000,100000000.0,100.0,1.3541666666666664e-09,1354.1666666666665,0.7800979492824527
230,110,1,11,76,1100000000.0,90909.09090909091,10000000,100000000.0,100.0,1.3636363636363641e-09,1363.6363636363642,0.7162423278776018
179,100,1,10,69,1000000000.0,100000.0,10000000,100000000.0,100.0,1.3750000000000007e-09,1375.0000000000007,0.6525069716242662
132,90,1,9,62,900000000.0,111111.11111111111,10000000,100000000.0,100.0,1.3888888888888892e-09,1388.8888888888891,0.588931968906284
90,80,1,8,55,800000000.0,125000.0,10000000,100000000.0,100.0,1.4062499999999998e-09,1406.2499999999998,0.5255774522994129
53,70,1,7,48,700000000.0,142857.14285714287,10000000,100000000.0,100.0,1.4285714285714286e-09,1428.5714285714287,0.462537915851272
285,120,1,12,82,1200000000.0,83333.33333333333,10000000,100000000.0,100.0,1.4583333333333332e-09,1458.3333333333333,0.7800979492824527
229,110,1,11,75,1100000000.0,90909.09090909091,10000000,100000000.0,100.0,1.477272727272727e-09,1477.272727272727,0.7162423278776018
178,100,1,10,68,1000000000.0,100000.0,10000000,100000000.0,100.0,1.5000000000000002e-09,1500.0000000000002,0.6525069716242662
131,90,1,9,61,900000000.0,111111.11111111111,10000000,100000000.0,100.0,1.5277777777777788e-09,1527.7777777777787,0.588931968906284
284,120,1,12,81,1200000000.0,83333.33333333333,10000000,100000000.0,100.0,1.5625e-09,1562.5,0.7800979492824527
228,110,1,11,74,1100000000.0,90909.09090909091,10000000,100000000.0,100.0,1.5909090909090915e-09,1590.9090909090914,0.7162423278776018
52,70,1,7,47,700000000.0,142857.14285714287,10000000,100000000.0,100.0,1.6071428571428576e-09,1607.1428571428576,0.462537915851272
177,100,1,10,67,1000000000.0,100000.0,10000000,100000000.0,100.0,1.6249999999999997e-09,1624.9999999999998,0.6525069716242662
283,120,1,12,80,1200000000.0,83333.33333333333,10000000,100000000.0,100.0,1.6666666666666667e-09,1666.6666666666667,0.7800979492824527
227,110,1,11,73,1100000000.0,90909.09090909091,10000000,100000000.0,100.0,1.7045454545454543e-09,1704.5454545454543,0.7162423278776018
88,80,1,8,53,800000000.0,125000.0,10000000,100000000.0,100.0,1.71875e-09,1718.7500000000002,0.5255774522994129
176,100,1,10,66,1000000000.0,100000.0,10000000,100000000.0,100.0,1.7500000000000008e-09,1750.000000000001,0.6525069716242662
282,120,1,12,79,1200000000.0,83333.33333333333,10000000,100000000.0,100.0,1.7708333333333335e-09,1770.8333333333335,0.7800979492824527
51,70,1,7,46,700000000.0,142857.14285714287,10000000,100000000.0,100.0,1.7857142857142866e-09,1785.7142857142867,0.462537915851272
129,90,1,9,59,900000000.0,111111.11111111111,10000000,100000000.0,100.0,1.8055555555555563e-09,1805.5555555555563,0.588931968906284
226,110,1,11,72,1100000000.0,90909.09090909091,10000000,100000000.0,100.0,1.8181818181818188e-09,1818.181818181819,0.7162423278776018
281,120,1,12,78,1200000000.0,83333.33333333333,10000000,100000000.0,100.0,1.8750000000000002e-09,1875.0000000000002,0.7800979492824527
225,110,1,11,71,1100000000.0,90909.09090909091,10000000,100000000.0,100.0,1.9318181818181817e-09,1931.8181818181818,0.7162423278776018
128,90,1,9,58,900000000.0,111111.11111111111,10000000,100000000.0,100.0,1.9444444444444442e-09,1944.4444444444443,0.588931968906284
50,70,1,7,45,700000000.0,142857.14285714287,10000000,100000000.0,100.0,1.964285714285714e-09,1964.285714285714,0.462537915851272
280,120,1,12,77,1200000000.0,83333.33333333333,10000000,100000000.0,100.0,1.979166666666667e-09,1979.166666666667,0.7800979492824527
174,100,1,10,64,1000000000.0,100000.0,10000000,100000000.0,100.0,1.9999999999999997e-09,1999.9999999999998,0.6525069716242662
86,80,1,8,51,800000000.0,125000.0,10000000,100000000.0,100.0,2.0312500000000004e-09,2031.2500000000005,0.5255774522994129
224,110,1,11,70,1100000000.0,90909.09090909091,10000000,100000000.0,100.0,2.045454545454546e-09,2045.4545454545462,0.7162423278776018
279,120,1,12,76,1200000000.0,83333.33333333333,10000000,100000000.0,100.0,2.0833333333333338e-09,2083.333333333334,0.7800979492824527
173,100,1,10,63,1000000000.0,100000.0,10000000,100000000.0,100.0,2.125000000000001e-09,2125.000000000001,0.6525069716242662
49,70,1,7,44,700000000.0,142857.14285714287,10000000,100000000.0,100.0,2.142857142857143e-09,2142.857142857143,0.462537915851272
223,110,1,11,69,1100000000.0,90909.09090909091,10000000,100000000.0,100.0,2.159090909090909e-09,2159.090909090909,0.7162423278776018
278,120,1,12,75,1200000000.0,83333.33333333333,10000000,100000000.0,100.0,2.1875000000000006e-09,2187.5000000000005,0.7800979492824527
126,90,1,9,56,900000000.0,111111.11111111111,10000000,100000000.0,100.0,2.2222222222222217e-09,2222.2222222222217,0.588931968906284
172,100,1,10,62,1000000000.0,100000.0,10000000,100000000.0,100.0,2.2500000000000003e-09,2250.0000000000005,0.6525069716242662
222,110,1,11,68,1100000000.0,90909.09090909091,10000000,100000000.0,100.0,2.2727272727272735e-09,2272.7272727272734,0.7162423278776018
277,120,1,12,74,1200000000.0,83333.33333333333,10000000,100000000.0,100.0,2.2916666666666673e-09,2291.6666666666674,0.7800979492824527
48,70,1,7,43,700000000.0,142857.14285714287,10000000,100000000.0,100.0,2.321428571428572e-09,2321.428571428572,0.462537915851272
84,80,1,8,49,800000000.0,125000.0,10000000,100000000.0,100.0,2.3437500000000007e-09,2343.750000000001,0.5255774522994129
125,90,1,9,55,900000000.0,111111.11111111111,10000000,100000000.0,100.0,2.3611111111111113e-09,2361.1111111111113,0.588931968906284
171,100,1,10,61,1000000000.0,100000.0,10000000,100000000.0,100.0,2.3749999999999998e-09,2375.0,0.6525069716242662
221,110,1,11,67,1100000000.0,90909.09090909091,10000000,100000000.0,100.0,2.3863636363636364e-09,2386.3636363636365,0.7162423278776018
276,120,1,12,73,1200000000.0,83333.33333333333,10000000,100000000.0,100.0,2.395833333333334e-09,2395.833333333334,0.7800979492824527
275,120,1,12,72,1200000000.0,83333.33333333333,10000000,100000000.0,100.0,2.500000000000001e-09,2500.000000000001,0.7800979492824527
274,120,1,12,71,1200000000.0,83333.33333333333,10000000,100000000.0,100.0,2.604166666666667e-09,2604.166666666667,0.7800979492824527
219,110,1,11,65,1100000000.0,90909.09090909091,10000000,100000000.0,100.0,2.6136363636363637e-09,2613.636363636364,0.7162423278776018
169,100,1,10,59,1000000000.0,100000.0,10000000,100000000.0,100.0,2.6250000000000003e-09,2625.0000000000005,0.6525069716242662
123,90,1,9,53,900000000.0,111111.11111111111,10000000,100000000.0,100.0,2.638888888888889e-09,2638.8888888888887,0.588931968906284
82,80,1,8,47,800000000.0,125000.0,10000000,100000000.0,100.0,2.6562500000000002e-09,2656.2500000000005,0.5255774522994129
46,70,1,7,41,700000000.0,142857.14285714287,10000000,100000000.0,100.0,2.678571428571429e-09,2678.571428571429,0.462537915851272
273,120,1,12,70,1200000000.0,83333.33333333333,10000000,100000000.0,100.0,2.7083333333333336e-09,2708.3333333333335,0.7800979492824527
218,110,1,11,64,1100000000.0,90909.09090909091,10000000,100000000.0,100.0,2.7272727272727274e-09,2727.2727272727275,0.7162423278776018
168,100,1,10,58,1000000000.0,100000.0,10000000,100000000.0,100.0,2.75e-09,2750.0,0.6525069716242662
122,90,1,9,52,900000000.0,111111.11111111111,10000000,100000000.0,100.0,2.7777777777777784e-09,2777.7777777777783,0.588931968906284
272,120,1,12,69,1200000000.0,83333.33333333333,10000000,100000000.0,100.0,2.8125000000000004e-09,2812.5000000000005,0.7800979492824527
217,110,1,11,63,1100000000.0,90909.09090909091,10000000,100000000.0,100.0,2.840909090909091e-09,2840.909090909091,0.7162423278776018
45,70,1,7,40,700000000.0,142857.14285714287,10000000,100000000.0,100.0,2.857142857142857e-09,2857.1428571428573,0.462537915851272
167,100,1,10,57,1000000000.0,100000.0,10000000,100000000.0,100.0,2.875e-09,2875.0,0.6525069716242662
271,120,1,12,68,1200000000.0,83333.33333333333,10000000,100000000.0,100.0,2.916666666666667e-09,2916.6666666666674,0.7800979492824527
216,110,1,11,62,1100000000.0,90909.09090909091,10000000,100000000.0,100.0,2.9545454545454548e-09,2954.545454545455,0.7162423278776018
80,80,1,8,45,800000000.0,125000.0,10000000,100000000.0,100.0,2.9687500000000005e-09,2968.7500000000005,0.5255774522994129
166,100,1,10,56,1000000000.0,100000.0,10000000,100000000.0,100.0,3.0000000000000004e-09,3000.0000000000005,0.6525069716242662
270,120,1,12,67,1200000000.0,83333.33333333333,10000000,100000000.0,100.0,3.020833333333334e-09,3020.833333333334,0.7800979492824527
44,70,1,7,39,700000000.0,142857.14285714287,10000000,100000000.0,100.0,3.035714285714286e-09,3035.7142857142862,0.462537915851272
120,90,1,9,50,900000000.0,111111.11111111111,10000000,100000000.0,100.0,3.055555555555556e-09,3055.555555555556,0.588931968906284
215,110,1,11,61,1100000000.0,90909.09090909091,10000000,100000000.0,100.0,3.0681818181818184e-09,3068.1818181818185,0.7162423278776018
269,120,1,12,66,1200000000.0,83333.33333333333,10000000,100000000.0,100.0,3.125e-09,3125.0,0.7800979492824527
214,110,1,11,60,1100000000.0,90909.09090909091,10000000,100000000.0,100.0,3.181818181818182e-09,3181.818181818182,0.7162423278776018
119,90,1,9,49,900000000.0,111111.11111111111,10000000,100000000.0,100.0,3.1944444444444446e-09,3194.444444444445,0.588931968906284
43,70,1,7,38,700000000.0,142857.14285714287,10000000,100000000.0,100.0,3.2142857142857144e-09,3214.285714285714,0.462537915851272
268,120,1,12,65,1200000000.0,83333.33333333333,10000000,100000000.0,100.0,3.2291666666666666e-09,3229.1666666666665,0.7800979492824527
164,100,1,10,54,1000000000.0,100000.0,10000000,100000000.0,100.0,3.25e-09,3250.0,0.6525069716242662
78,80,1,8,43,800000000.0,125000.0,10000000,100000000.0,100.0,3.28125e-09,3281.25,0.5255774522994129
213,110,1,11,59,1100000000.0,90909.09090909091,10000000,100000000.0,100.0,3.2954545454545458e-09,3295.454545454546,0.7162423278776018
267,120,1,12,64,1200000000.0,83333.33333333333,10000000,100000000.0,100.0,3.3333333333333334e-09,3333.3333333333335,0.7800979492824527
163,100,1,10,53,1000000000.0,100000.0,10000000,100000000.0,100.0,3.3750000000000004e-09,3375.0000000000005,0.6525069716242662
42,70,1,7,37,700000000.0,142857.14285714287,10000000,100000000.0,100.0,3.3928571428571433e-09,3392.8571428571436,0.462537915851272
212,110,1,11,58,1100000000.0,90909.09090909091,10000000,100000000.0,100.0,3.4090909090909095e-09,3409.0909090909095,0.7162423278776018
266,120,1,12,63,1200000000.0,83333.33333333333,10000000,100000000.0,100.0,3.4375e-09,3437.5000000000005,0.7800979492824527
117,90,1,9,47,900000000.0,111111.11111111111,10000000,100000000.0,100.0,3.472222222222222e-09,3472.222222222222,0.588931968906284
162,100,1,10,52,1000000000.0,100000.0,10000000,100000000.0,100.0,3.5e-09,3500.0,0.6525069716242662
211,110,1,11,57,1100000000.0,90909.09090909091,10000000,100000000.0,100.0,3.522727272727273e-09,3522.7272727272734,0.7162423278776018
265,120,1,12,62,1200000000.0,83333.33333333333,10000000,100000000.0,100.0,3.541666666666667e-09,3541.666666666667,0.7800979492824527
41,70,1,7,36,700000000.0,142857.14285714287,10000000,100000000.0,100.0,3.5714285714285715e-09,3571.4285714285716,0.462537915851272
76,80,1,8,41,800000000.0,125000.0,10000000,100000000.0,100.0,3.5937500000000003e-09,3593.7500000000005,0.5255774522994129
116,90,1,9,46,900000000.0,111111.11111111111,10000000,100000000.0,100.0,3.611111111111111e-09,3611.111111111111,0.588931968906284
161,100,1,10,51,1000000000.0,100000.0,10000000,100000000.0,100.0,3.625e-09,3625.0000000000005,0.6525069716242662
210,110,1,11,56,1100000000.0,90909.09090909091,10000000,100000000.0,100.0,3.636363636363637e-09,3636.363636363637,0.7162423278776018
264,120,1,12,61,1200000000.0,83333.33333333333,10000000,100000000.0,100.0,3.6458333333333337e-09,3645.833333333334,0.7800979492824527
263,120,1,12,60,1200000000.0,83333.33333333333,10000000,100000000.0,100.0,3.7500000000000005e-09,3750.0000000000005,0.7800979492824527
262,120,1,12,59,1200000000.0,83333.33333333333,10000000,100000000.0,100.0,3.854166666666667e-09,3854.1666666666674,0.7800979492824527
208,110,1,11,54,1100000000.0,90909.09090909091,10000000,100000000.0,100.0,3.863636363636364e-09,3863.6363636363644,0.7162423278776018
159,100,1,10,49,1000000000.0,100000.0,10000000,100000000.0,100.0,3.875e-09,3875.0,0.6525069716242662
114,90,1,9,44,900000000.0,111111.11111111111,10000000,100000000.0,100.0,3.888888888888889e-09,3888.888888888889,0.588931968906284
74,80,1,8,39,800000000.0,125000.0,10000000,100000000.0,100.0,3.90625e-09,3906.25,0.5255774522994129
39,70,1,7,34,700000000.0,142857.14285714287,10000000,100000000.0,100.0,3.928571428571429e-09,3928.571428571429,0.462537915851272
261,120,1,12,58,1200000000.0,83333.33333333333,10000000,100000000.0,100.0,3.958333333333333e-09,3958.3333333333335,0.7800979492824527
207,110,1,11,53,1100000000.0,90909.09090909091,10000000,100000000.0,100.0,3.977272727272728e-09,3977.272727272728,0.7162423278776018
158,100,1,10,48,1000000000.0,100000.0,10000000,100000000.0,100.0,4e-09,4000.0000000000005,0.6525069716242662
113,90,1,9,43,900000000.0,111111.11111111111,10000000,100000000.0,100.0,4.027777777777778e-09,4027.7777777777783,0.588931968906284
260,120,1,12,57,1200000000.0,83333.33333333333,10000000,100000000.0,100.0,4.0625e-09,4062.5,0.7800979492824527
206,110,1,11,52,1100000000.0,90909.09090909091,10000000,100000000.0,100.0,4.0909090909090915e-09,4090.9090909090914,0.7162423278776018
38,70,1,7,33,700000000.0,142857.14285714287,10000000,100000000.0,100.0,4.107142857142858e-09,4107.142857142858,0.462537915851272
157,100,1,10,47,1000000000.0,100000.0,10000000,100000000.0,100.0,4.1250000000000005e-09,4125.000000000001,0.6525069716242662
259,120,1,12,56,1200000000.0,83333.33333333333,10000000,100000000.0,100.0,4.166666666666667e-09,4166.666666666667,0.7800979492824527
205,110,1,11,51,1100000000.0,90909.09090909091,10000000,100000000.0,100.0,4.204545454545454e-09,4204.545454545454,0.7162423278776018
72,80,1,8,37,800000000.0,125000.0,10000000,100000000.0,100.0,4.21875e-09,4218.75,0.5255774522994129
156,100,1,10,46,1000000000.0,100000.0,10000000,100000000.0,100.0,4.25e-09,4250.0,0.6525069716242662
258,120,1,12,55,1200000000.0,83333.33333333333,10000000,100000000.0,100.0,4.2708333333333335e-09,4270.833333333334,0.7800979492824527
37,70,1,7,32,700000000.0,142857.14285714287,10000000,100000000.0,100.0,4.285714285714286e-09,4285.714285714286,0.462537915851272
111,90,1,9,41,900000000.0,111111.11111111111,10000000,100000000.0,100.0,4.3055555555555555e-09,4305.555555555556,0.588931968906284
204,110,1,11,50,1100000000.0,90909.09090909091,10000000,100000000.0,100.0,4.318181818181818e-09,4318.181818181818,0.7162423278776018
257,120,1,12,54,1200000000.0,83333.33333333333,10000000,100000000.0,100.0,4.375e-09,4375.0,0.7800979492824527
203,110,1,11,49,1100000000.0,90909.09090909091,10000000,100000000.0,100.0,4.431818181818182e-09,4431.818181818182,0.7162423278776018
110,90,1,9,40,900000000.0,111111.11111111111,10000000,100000000.0,100.0,4.444444444444444e-09,4444.444444444444,0.588931968906284
36,70,1,7,31,700000000.0,142857.14285714287,10000000,100000000.0,100.0,4.464285714285715e-09,4464.285714285715,0.462537915851272
256,120,1,12,53,1200000000.0,83333.33333333333,10000000,100000000.0,100.0,4.479166666666667e-09,4479.166666666667,0.7800979492824527
154,100,1,10,44,1000000000.0,100000.0,10000000,100000000.0,100.0,4.500000000000001e-09,4500.000000000001,0.6525069716242662
70,80,1,8,35,800000000.0,125000.0,10000000,100000000.0,100.0,4.5312500000000005e-09,4531.250000000001,0.5255774522994129
202,110,1,11,48,1100000000.0,90909.09090909091,10000000,100000000.0,100.0,4.545454545454545e-09,4545.454545454545,0.7162423278776018
255,120,1,12,52,1200000000.0,83333.33333333333,10000000,100000000.0,100.0,4.583333333333334e-09,4583.333333333334,0.7800979492824527
153,100,1,10,43,1000000000.0,100000.0,10000000,100000000.0,100.0,4.625e-09,4625.0,0.6525069716242662
35,70,1,7,30,700000000.0,142857.14285714287,10000000,100000000.0,100.0,4.642857142857143e-09,4642.857142857143,0.462537915851272
201,110,1,11,47,1100000000.0,90909.09090909091,10000000,100000000.0,100.0,4.659090909090909e-09,4659.090909090909,0.7162423278776018
254,120,1,12,51,1200000000.0,83333.33333333333,10000000,100000000.0,100.0,4.687500000000001e-09,4687.500000000001,0.7800979492824527
108,90,1,9,38,900000000.0,111111.11111111111,10000000,100000000.0,100.0,4.722222222222223e-09,4722.222222222223,0.588931968906284
152,100,1,10,42,1000000000.0,100000.0,10000000,100000000.0,100.0,4.75e-09,4750.0,0.6525069716242662
200,110,1,11,46,1100000000.0,90909.09090909091,10000000,100000000.0,100.0,4.772727272727273e-09,4772.727272727273,0.7162423278776018
253,120,1,12,50,1200000000.0,83333.33333333333,10000000,100000000.0,100.0,4.7916666666666666e-09,4791.666666666667,0.7800979492824527
34,70,1,7,29,700000000.0,142857.14285714287,10000000,100000000.0,100.0,4.821428571428572e-09,4821.4285714285725,0.462537915851272
68,80,1,8,33,800000000.0,125000.0,10000000,100000000.0,100.0,4.84375e-09,4843.75,0.5255774522994129
107,90,1,9,37,900000000.0,111111.11111111111,10000000,100000000.0,100.0,4.861111111111111e-09,4861.111111111111,0.588931968906284
151,100,1,10,41,1000000000.0,100000.0,10000000,100000000.0,100.0,4.875e-09,4875.0,0.6525069716242662
199,110,1,11,45,1100000000.0,90909.09090909091,10000000,100000000.0,100.0,4.8863636363636364e-09,4886.363636363637,0.7162423278776018
252,120,1,12,49,1200000000.0,83333.33333333333,10000000,100000000.0,100.0,4.895833333333333e-09,4895.833333333333,0.7800979492824527
251,120,1,12,48,1200000000.0,83333.33333333333,10000000,100000000.0,100.0,5e-09,5000.0,0.7800979492824527
250,120,1,12,47,1200000000.0,83333.33333333333,10000000,100000000.0,100.0,5.104166666666667e-09,5104.166666666667,0.7800979492824527
197,110,1,11,43,1100000000.0,90909.09090909091,10000000,100000000.0,100.0,5.113636363636364e-09,5113.636363636364,0.7162423278776018
149,100,1,10,39,1000000000.0,100000.0,10000000,100000000.0,100.0,5.125e-09,5125.000000000001,0.6525069716242662
105,90,1,9,35,900000000.0,111111.11111111111,10000000,100000000.0,100.0,5.138888888888889e-09,5138.888888888889,0.588931968906284
66,80,1,8,31,800000000.0,125000.0,10000000,100000000.0,100.0,5.15625e-09,5156.25,0.5255774522994129
32,70,1,7,27,700000000.0,142857.14285714287,10000000,100000000.0,100.0,5.178571428571429e-09,5178.571428571429,0.462537915851272
249,120,1,12,46,1200000000.0,83333.33333333333,10000000,100000000.0,100.0,5.208333333333334e-09,5208.333333333334,0.7800979492824527
196,110,1,11,42,1100000000.0,90909.09090909091,10000000,100000000.0,100.0,5.2272727272727275e-09,5227.272727272728,0.7162423278776018
148,100,1,10,38,1000000000.0,100000.0,10000000,100000000.0,100.0,5.25e-09,5250.0,0.6525069716242662
104,90,1,9,34,900000000.0,111111.11111111111,10000000,100000000.0,100.0,5.277777777777778e-09,5277.777777777777,0.588931968906284
248,120,1,12,45,1200000000.0,83333.33333333333,10000000,100000000.0,100.0,5.3125000000000004e-09,5312.500000000001,0.7800979492824527
195,110,1,11,41,1100000000.0,90909.09090909091,10000000,100000000.0,100.0,5.340909090909091e-09,5340.909090909091,0.7162423278776018
31,70,1,7,26,700000000.0,142857.14285714287,10000000,100000000.0,100.0,5.357142857142857e-09,5357.142857142858,0.462537915851272
147,100,1,10,37,1000000000.0,100000.0,10000000,100000000.0,100.0,5.375e-09,5375.0,0.6525069716242662
247,120,1,12,44,1200000000.0,83333.33333333333,10000000,100000000.0,100.0,5.416666666666667e-09,5416.666666666667,0.7800979492824527
194,110,1,11,40,1100000000.0,90909.09090909091,10000000,100000000.0,100.0,5.454545454545455e-09,5454.545454545455,0.7162423278776018
64,80,1,8,29,800000000.0,125000.0,10000000,100000000.0,100.0,5.4687500000000006e-09,5468.750000000001,0.5255774522994129
146,100,1,10,36,1000000000.0,100000.0,10000000,100000000.0,100.0,5.5000000000000004e-09,5500.000000000001,0.6525069716242662
246,120,1,12,43,1200000000.0,83333.33333333333,10000000,100000000.0,100.0,5.520833333333333e-09,5520.833333333333,0.7800979492824527
30,70,1,7,25,700000000.0,142857.14285714287,10000000,100000000.0,100.0,5.535714285714286e-09,5535.714285714286,0.462537915851272
102,90,1,9,32,900000000.0,111111.11111111111,10000000,100000000.0,100.0,5.555555555555556e-09,5555.555555555556,0.588931968906284
193,110,1,11,39,1100000000.0,90909.09090909091,10000000,100000000.0,100.0,5.5681818181818185e-09,5568.181818181819,0.7162423278776018
245,120,1,12,42,1200000000.0,83333.33333333333,10000000,100000000.0,100.0,5.625e-09,5625.0,0.7800979492824527
192,110,1,11,38,1100000000.0,90909.09090909091,10000000,100000000.0,100.0,5.681818181818182e-09,5681.818181818182,0.7162423278776018
101,90,1,9,31,900000000.0,111111.11111111111,10000000,100000000.0,100.0,5.694444444444445e-09,5694.444444444445,0.588931968906284
29,70,1,7,24,700000000.0,142857.14285714287,10000000,100000000.0,100.0,5.714285714285714e-09,5714.285714285715,0.462537915851272
244,120,1,12,41,1200000000.0,83333.33333333333,10000000,100000000.0,100.0,5.729166666666667e-09,5729.166666666667,0.7800979492824527
144,100,1,10,34,1000000000.0,100000.0,10000000,100000000.0,100.0,5.75e-09,5750.0,0.6525069716242662
62,80,1,8,27,800000000.0,125000.0,10000000,100000000.0,100.0,5.78125e-09,5781.25,0.5255774522994129
191,110,1,11,37,1100000000.0,90909.09090909091,10000000,100000000.0,100.0,5.795454545454546e-09,5795.454545454546,0.7162423278776018
243,120,1,12,40,1200000000.0,83333.33333333333,10000000,100000000.0,100.0,5.8333333333333335e-09,5833.333333333334,0.7800979492824527
143,100,1,10,33,1000000000.0,100000.0,10000000,100000000.0,100.0,5.8750000000000005e-09,5875.000000000001,0.6525069716242662
28,70,1,7,23,700000000.0,142857.14285714287,10000000,100000000.0,100.0,5.892857142857143e-09,5892.857142857143,0.462537915851272
190,110,1,11,36,1100000000.0,90909.09090909091,10000000,100000000.0,100.0,5.9090909090909095e-09,5909.09090909091,0.7162423278776018
242,120,1,12,39,1200000000.0,83333.33333333333,10000000,100000000.0,100.0,5.9375e-09,5937.5,0.7800979492824527
99,90,1,9,29,900000000.0,111111.11111111111,10000000,100000000.0,100.0,5.972222222222222e-09,5972.222222222223,0.588931968906284
