,M,D,O,n,Fvco,Fref,Fout,Fout (MHz),delay,delay (ps)
535,160,1,16,127,1600000000.0,10000000,100000000.0,100.0,7.8125e-11,78.125
471,150,1,15,119,1500000000.0,10000000,100000000.0,100.0,8.3333e-11,83.333
383,140,1,14,111,1400000000.0,10000000,100000000.0,100.0,8.9286e-11,89.286
327,130,1,13,103,1300000000.0,10000000,100000000.0,100.0,9.6154e-11,96.154
251,120,1,12,95,1200000000.0,10000000,100000000.0,100.0,1.04167e-10,104.167
203,110,1,11,87,1100000000.0,10000000,100000000.0,100.0,1.13636e-10,113.63599999999998
159,100,1,10,79,1000000000.0,10000000,100000000.0,100.0,1.25e-10,125.00000000000001
119,90,1,9,71,900000000.0,10000000,100000000.0,100.0,1.38889e-10,138.88899999999998
83,80,1,8,63,800000000.0,10000000,100000000.0,100.0,1.5625e-10,156.25
470,150,1,15,118,1500000000.0,10000000,100000000.0,100.0,1.66667e-10,166.667
51,70,1,7,55,700000000.0,10000000,100000000.0,100.0,1.78571e-10,178.571
326,130,1,13,102,1300000000.0,10000000,100000000.0,100.0,1.92308e-10,192.308
23,60,1,6,47,600000000.0,10000000,100000000.0,100.0,2.08333e-10,208.333
202,110,1,11,86,1100000000.0,10000000,100000000.0,100.0,2.27273e-10,227.27300000000002
533,160,1,16,125,1600000000.0,10000000,100000000.0,100.0,2.34375e-10,234.37499999999997
158,100,1,10,78,1000000000.0,10000000,100000000.0,100.0,2.5e-10,250.00000000000003
381,140,1,14,109,1400000000.0,10000000,100000000.0,100.0,2.67857e-10,267.857
118,90,1,9,70,900000000.0,10000000,100000000.0,100.0,2.77778e-10,277.77799999999996
325,130,1,13,101,1300000000.0,10000000,100000000.0,100.0,2.88462e-10,288.46200000000005
82,80,1,8,62,800000000.0,10000000,100000000.0,100.0,3.125e-10,312.5
468,150,1,15,116,1500000000.0,10000000,100000000.0,100.0,3.33333e-10,333.333
201,110,1,11,85,1100000000.0,10000000,100000000.0,100.0,3.40909e-10,340.909
50,70,1,7,54,700000000.0,10000000,100000000.0,100.0,3.57143e-10,357.14300000000003
157,100,1,10,77,1000000000.0,10000000,100000000.0,100.0,3.75e-10,375.0
324,130,1,13,100,1300000000.0,10000000,100000000.0,100.0,3.84615e-10,384.615
531,160,1,16,123,1600000000.0,10000000,100000000.0,100.0,3.90625e-10,390.625
22,60,1,6,46,600000000.0,10000000,100000000.0,100.0,4.16667e-10,416.6670000000001
379,140,1,14,107,1400000000.0,10000000,100000000.0,100.0,4.46429e-10,446.42900000000003
200,110,1,11,84,1100000000.0,10000000,100000000.0,100.0,4.54545e-10,454.5450000000001
81,80,1,8,61,800000000.0,10000000,100000000.0,100.0,4.6875e-10,468.74999999999994
323,130,1,13,99,1300000000.0,10000000,100000000.0,100.0,4.80769e-10,480.769
156,100,1,10,76,1000000000.0,10000000,100000000.0,100.0,5e-10,500.00000000000006
247,120,1,12,91,1200000000.0,10000000,100000000.0,100.0,5.20833e-10,520.833
49,70,1,7,53,700000000.0,10000000,100000000.0,100.0,5.35714e-10,535.714
529,160,1,16,121,1600000000.0,10000000,100000000.0,100.0,5.46875e-10,546.875
116,90,1,9,68,900000000.0,10000000,100000000.0,100.0,5.55556e-10,555.5559999999999
199,110,1,11,83,1100000000.0,10000000,100000000.0,100.0,5.68182e-10,568.182
322,130,1,13,98,1300000000.0,10000000,100000000.0,100.0,5.76923e-10,576.923
465,150,1,15,113,1500000000.0,10000000,100000000.0,100.0,5.83333e-10,583.3330000000001
21,60,1,6,45,600000000.0,10000000,100000000.0,100.0,6.25e-10,625.0
464,150,1,15,112,1500000000.0,10000000,100000000.0,100.0,6.66667e-10,666.667
321,130,1,13,97,1300000000.0,10000000,100000000.0,100.0,6.73077e-10,673.077
198,110,1,11,82,1100000000.0,10000000,100000000.0,100.0,6.81818e-10,681.818
115,90,1,9,67,900000000.0,10000000,100000000.0,100.0,6.94444e-10,694.444
527,160,1,16,119,1600000000.0,10000000,100000000.0,100.0,7.03125e-10,703.125
48,70,1,7,52,700000000.0,10000000,100000000.0,100.0,7.14286e-10,714.2860000000001
245,120,1,12,89,1200000000.0,10000000,100000000.0,100.0,7.29167e-10,729.1669999999999
154,100,1,10,74,1000000000.0,10000000,100000000.0,100.0,7.5e-10,750.0
320,130,1,13,96,1300000000.0,10000000,100000000.0,100.0,7.69231e-10,769.2310000000001
79,80,1,8,59,800000000.0,10000000,100000000.0,100.0,7.8125e-10,781.25
197,110,1,11,81,1100000000.0,10000000,100000000.0,100.0,7.95455e-10,795.455
375,140,1,14,103,1400000000.0,10000000,100000000.0,100.0,8.03571e-10,803.571
20,60,1,6,44,600000000.0,10000000,100000000.0,100.0,8.33333e-10,833.3330000000001
525,160,1,16,117,1600000000.0,10000000,100000000.0,100.0,8.59375e-10,859.3750000000001
319,130,1,13,95,1300000000.0,10000000,100000000.0,100.0,8.65385e-10,865.3850000000001
153,100,1,10,73,1000000000.0,10000000,100000000.0,100.0,8.75e-10,875.0
47,70,1,7,51,700000000.0,10000000,100000000.0,100.0,8.92857e-10,892.8570000000001
196,110,1,11,80,1100000000.0,10000000,100000000.0,100.0,9.09091e-10,909.091
461,150,1,15,109,1500000000.0,10000000,100000000.0,100.0,9.16667e-10,916.667
78,80,1,8,58,800000000.0,10000000,100000000.0,100.0,9.375e-10,937.4999999999999
318,130,1,13,94,1300000000.0,10000000,100000000.0,100.0,9.61538e-10,961.538
113,90,1,9,65,900000000.0,10000000,100000000.0,100.0,9.72222e-10,972.2220000000001
373,140,1,14,101,1400000000.0,10000000,100000000.0,100.0,9.82143e-10,982.1429999999999
152,100,1,10,72,1000000000.0,10000000,100000000.0,100.0,1e-09,1000.0000000000001
523,160,1,16,115,1600000000.0,10000000,100000000.0,100.0,1.015625e-09,1015.6250000000001
195,110,1,11,79,1100000000.0,10000000,100000000.0,100.0,1.022727e-09,1022.7270000000001
19,60,1,6,43,600000000.0,10000000,100000000.0,100.0,1.041667e-09,1041.6670000000001
317,130,1,13,93,1300000000.0,10000000,100000000.0,100.0,1.057692e-09,1057.692
46,70,1,7,50,700000000.0,10000000,100000000.0,100.0,1.071429e-09,1071.429
459,150,1,15,107,1500000000.0,10000000,100000000.0,100.0,1.083333e-09,1083.3329999999999
77,80,1,8,57,800000000.0,10000000,100000000.0,100.0,1.09375e-09,1093.75
112,90,1,9,64,900000000.0,10000000,100000000.0,100.0,1.111111e-09,1111.111
151,100,1,10,71,1000000000.0,10000000,100000000.0,100.0,1.125e-09,1125.0
194,110,1,11,78,1100000000.0,10000000,100000000.0,100.0,1.136364e-09,1136.364
241,120,1,12,85,1200000000.0,10000000,100000000.0,100.0,1.145833e-09,1145.833
316,130,1,13,92,1300000000.0,10000000,100000000.0,100.0,1.153846e-09,1153.846
371,140,1,14,99,1400000000.0,10000000,100000000.0,100.0,1.160714e-09,1160.7140000000002
458,150,1,15,106,1500000000.0,10000000,100000000.0,100.0,1.166667e-09,1166.667
521,160,1,16,113,1600000000.0,10000000,100000000.0,100.0,1.171875e-09,1171.875
18,60,1,6,42,600000000.0,10000000,100000000.0,100.0,1.25e-09,1250.0
519,160,1,16,111,1600000000.0,10000000,100000000.0,100.0,1.328125e-09,1328.125
456,150,1,15,104,1500000000.0,10000000,100000000.0,100.0,1.333333e-09,1333.3329999999999
369,140,1,14,97,1400000000.0,10000000,100000000.0,100.0,1.339286e-09,1339.286
314,130,1,13,90,1300000000.0,10000000,100000000.0,100.0,1.346154e-09,1346.154
239,120,1,12,83,1200000000.0,10000000,100000000.0,100.0,1.354167e-09,1354.167
192,110,1,11,76,1100000000.0,10000000,100000000.0,100.0,1.363636e-09,1363.636
149,100,1,10,69,1000000000.0,10000000,100000000.0,100.0,1.375e-09,1375.0
110,90,1,9,62,900000000.0,10000000,100000000.0,100.0,1.388889e-09,1388.8890000000001
75,80,1,8,55,800000000.0,10000000,100000000.0,100.0,1.40625e-09,1406.25
455,150,1,15,103,1500000000.0,10000000,100000000.0,100.0,1.416667e-09,1416.667
44,70,1,7,48,700000000.0,10000000,100000000.0,100.0,1.428571e-09,1428.5710000000001
313,130,1,13,89,1300000000.0,10000000,100000000.0,100.0,1.442308e-09,1442.308
17,60,1,6,41,600000000.0,10000000,100000000.0,100.0,1.458333e-09,1458.333
191,110,1,11,75,1100000000.0,10000000,100000000.0,100.0,1.477273e-09,1477.273
517,160,1,16,109,1600000000.0,10000000,100000000.0,100.0,1.484375e-09,1484.375
148,100,1,10,68,1000000000.0,10000000,100000000.0,100.0,1.5e-09,1500.0
367,140,1,14,95,1400000000.0,10000000,100000000.0,100.0,1.517857e-09,1517.857
109,90,1,9,61,900000000.0,10000000,100000000.0,100.0,1.527778e-09,1527.778
312,130,1,13,88,1300000000.0,10000000,100000000.0,100.0,1.538462e-09,1538.4620000000002
74,80,1,8,54,800000000.0,10000000,100000000.0,100.0,1.5625e-09,1562.5
453,150,1,15,101,1500000000.0,10000000,100000000.0,100.0,1.583333e-09,1583.333
190,110,1,11,74,1100000000.0,10000000,100000000.0,100.0,1.590909e-09,1590.9089999999999
43,70,1,7,47,700000000.0,10000000,100000000.0,100.0,1.607143e-09,1607.143
147,100,1,10,67,1000000000.0,10000000,100000000.0,100.0,1.625e-09,1625.0
311,130,1,13,87,1300000000.0,10000000,100000000.0,100.0,1.634615e-09,1634.615
515,160,1,16,107,1600000000.0,10000000,100000000.0,100.0,1.640625e-09,1640.625
16,60,1,6,40,600000000.0,10000000,100000000.0,100.0,1.666667e-09,1666.667
365,140,1,14,93,1400000000.0,10000000,100000000.0,100.0,1.696429e-09,1696.429
189,110,1,11,73,1100000000.0,10000000,100000000.0,100.0,1.704545e-09,1704.545
73,80,1,8,53,800000000.0,10000000,100000000.0,100.0,1.71875e-09,1718.7500000000002
310,130,1,13,86,1300000000.0,10000000,100000000.0,100.0,1.730769e-09,1730.7689999999998
146,100,1,10,66,1000000000.0,10000000,100000000.0,100.0,1.75e-09,1750.0
235,120,1,12,79,1200000000.0,10000000,100000000.0,100.0,1.770833e-09,1770.833
42,70,1,7,46,700000000.0,10000000,100000000.0,100.0,1.785714e-09,1785.7140000000002
513,160,1,16,105,1600000000.0,10000000,100000000.0,100.0,1.796875e-09,1796.8749999999998
107,90,1,9,59,900000000.0,10000000,100000000.0,100.0,1.805556e-09,1805.556
188,110,1,11,72,1100000000.0,10000000,100000000.0,100.0,1.818182e-09,1818.182
309,130,1,13,85,1300000000.0,10000000,100000000.0,100.0,1.826923e-09,1826.9229999999998
450,150,1,15,98,1500000000.0,10000000,100000000.0,100.0,1.833333e-09,1833.333
15,60,1,6,39,600000000.0,10000000,100000000.0,100.0,1.875e-09,1874.9999999999998
449,150,1,15,97,1500000000.0,10000000,100000000.0,100.0,1.916667e-09,1916.6670000000004
308,130,1,13,84,1300000000.0,10000000,100000000.0,100.0,1.923077e-09,1923.0769999999998
187,110,1,11,71,1100000000.0,10000000,100000000.0,100.0,1.931818e-09,1931.818
106,90,1,9,58,900000000.0,10000000,100000000.0,100.0,1.944444e-09,1944.4440000000002
511,160,1,16,103,1600000000.0,10000000,100000000.0,100.0,1.953125e-09,1953.1249999999998
41,70,1,7,45,700000000.0,10000000,100000000.0,100.0,1.964286e-09,1964.2859999999998
233,120,1,12,77,1200000000.0,10000000,100000000.0,100.0,1.979167e-09,1979.1670000000004
144,100,1,10,64,1000000000.0,10000000,100000000.0,100.0,2e-09,2000.0000000000002
307,130,1,13,83,1300000000.0,10000000,100000000.0,100.0,2.019231e-09,2019.2310000000002
71,80,1,8,51,800000000.0,10000000,100000000.0,100.0,2.03125e-09,2031.2500000000002
186,110,1,11,70,1100000000.0,10000000,100000000.0,100.0,2.045455e-09,2045.455
361,140,1,14,89,1400000000.0,10000000,100000000.0,100.0,2.053571e-09,2053.571
14,60,1,6,38,600000000.0,10000000,100000000.0,100.0,2.083333e-09,2083.3329999999996
509,160,1,16,101,1600000000.0,10000000,100000000.0,100.0,2.109375e-09,2109.375
306,130,1,13,82,1300000000.0,10000000,100000000.0,100.0,2.115385e-09,2115.385
143,100,1,10,63,1000000000.0,10000000,100000000.0,100.0,2.125e-09,2125.0
40,70,1,7,44,700000000.0,10000000,100000000.0,100.0,2.142857e-09,2142.857
185,110,1,11,69,1100000000.0,10000000,100000000.0,100.0,2.159091e-09,2159.0910000000003
446,150,1,15,94,1500000000.0,10000000,100000000.0,100.0,2.166667e-09,2166.6670000000004
70,80,1,8,50,800000000.0,10000000,100000000.0,100.0,2.1875e-09,2187.5
305,130,1,13,81,1300000000.0,10000000,100000000.0,100.0,2.211538e-09,2211.538
104,90,1,9,56,900000000.0,10000000,100000000.0,100.0,2.222222e-09,2222.222
359,140,1,14,87,1400000000.0,10000000,100000000.0,100.0,2.232143e-09,2232.143
142,100,1,10,62,1000000000.0,10000000,100000000.0,100.0,2.25e-09,2250.0
507,160,1,16,99,1600000000.0,10000000,100000000.0,100.0,2.265625e-09,2265.625
184,110,1,11,68,1100000000.0,10000000,100000000.0,100.0,2.272727e-09,2272.7270000000003
13,60,1,6,37,600000000.0,10000000,100000000.0,100.0,2.291667e-09,2291.667
304,130,1,13,80,1300000000.0,10000000,100000000.0,100.0,2.307692e-09,2307.692
39,70,1,7,43,700000000.0,10000000,100000000.0,100.0,2.321429e-09,2321.429
444,150,1,15,92,1500000000.0,10000000,100000000.0,100.0,2.333333e-09,2333.333
69,80,1,8,49,800000000.0,10000000,100000000.0,100.0,2.34375e-09,2343.75
103,90,1,9,55,900000000.0,10000000,100000000.0,100.0,2.361111e-09,2361.111
141,100,1,10,61,1000000000.0,10000000,100000000.0,100.0,2.375e-09,2375.0
183,110,1,11,67,1100000000.0,10000000,100000000.0,100.0,2.386364e-09,2386.364
229,120,1,12,73,1200000000.0,10000000,100000000.0,100.0,2.395833e-09,2395.833
303,130,1,13,79,1300000000.0,10000000,100000000.0,100.0,2.403846e-09,2403.846
357,140,1,14,85,1400000000.0,10000000,100000000.0,100.0,2.410714e-09,2410.714
443,150,1,15,91,1500000000.0,10000000,100000000.0,100.0,2.416667e-09,2416.667
505,160,1,16,97,1600000000.0,10000000,100000000.0,100.0,2.421875e-09,2421.875
12,60,1,6,36,600000000.0,10000000,100000000.0,100.0,2.5e-09,2500.0
503,160,1,16,95,1600000000.0,10000000,100000000.0,100.0,2.578125e-09,2578.125
441,150,1,15,89,1500000000.0,10000000,100000000.0,100.0,2.583333e-09,2583.333
355,140,1,14,83,1400000000.0,10000000,100000000.0,100.0,2.589286e-09,2589.286
301,130,1,13,77,1300000000.0,10000000,100000000.0,100.0,2.596154e-09,2596.154
227,120,1,12,71,1200000000.0,10000000,100000000.0,100.0,2.604167e-09,2604.167
181,110,1,11,65,1100000000.0,10000000,100000000.0,100.0,2.613636e-09,2613.636
139,100,1,10,59,1000000000.0,10000000,100000000.0,100.0,2.625e-09,2625.0
101,90,1,9,53,900000000.0,10000000,100000000.0,100.0,2.638889e-09,2638.889
67,80,1,8,47,800000000.0,10000000,100000000.0,100.0,2.65625e-09,2656.25
440,150,1,15,88,1500000000.0,10000000,100000000.0,100.0,2.666667e-09,2666.6670000000004
37,70,1,7,41,700000000.0,10000000,100000000.0,100.0,2.678571e-09,2678.5710000000004
300,130,1,13,76,1300000000.0,10000000,100000000.0,100.0,2.692308e-09,2692.308
11,60,1,6,35,600000000.0,10000000,100000000.0,100.0,2.708333e-09,2708.333
180,110,1,11,64,1100000000.0,10000000,100000000.0,100.0,2.727273e-09,2727.273
501,160,1,16,93,1600000000.0,10000000,100000000.0,100.0,2.734375e-09,2734.375
138,100,1,10,58,1000000000.0,10000000,100000000.0,100.0,2.75e-09,2750.0
353,140,1,14,81,1400000000.0,10000000,100000000.0,100.0,2.767857e-09,2767.857
100,90,1,9,52,900000000.0,10000000,100000000.0,100.0,2.777778e-09,2777.7780000000002
299,130,1,13,75,1300000000.0,10000000,100000000.0,100.0,2.788462e-09,2788.462
66,80,1,8,46,800000000.0,10000000,100000000.0,100.0,2.8125e-09,2812.5
438,150,1,15,86,1500000000.0,10000000,100000000.0,100.0,2.833333e-09,2833.333
179,110,1,11,63,1100000000.0,10000000,100000000.0,100.0,2.840909e-09,2840.909
36,70,1,7,40,700000000.0,10000000,100000000.0,100.0,2.857143e-09,2857.143
137,100,1,10,57,1000000000.0,10000000,100000000.0,100.0,2.875e-09,2875.0
298,130,1,13,74,1300000000.0,10000000,100000000.0,100.0,2.884615e-09,2884.6150000000002
499,160,1,16,91,1600000000.0,10000000,100000000.0,100.0,2.890625e-09,2890.625
10,60,1,6,34,600000000.0,10000000,100000000.0,100.0,2.916667e-09,2916.667
351,140,1,14,79,1400000000.0,10000000,100000000.0,100.0,2.946429e-09,2946.429
178,110,1,11,62,1100000000.0,10000000,100000000.0,100.0,2.954545e-09,2954.545
65,80,1,8,45,800000000.0,10000000,100000000.0,100.0,2.96875e-09,2968.75
297,130,1,13,73,1300000000.0,10000000,100000000.0,100.0,2.980769e-09,2980.769
136,100,1,10,56,1000000000.0,10000000,100000000.0,100.0,3e-09,3000.0
223,120,1,12,67,1200000000.0,10000000,100000000.0,100.0,3.020833e-09,3020.833
35,70,1,7,39,700000000.0,10000000,100000000.0,100.0,3.035714e-09,3035.714
497,160,1,16,89,1600000000.0,10000000,100000000.0,100.0,3.046875e-09,3046.8750000000005
98,90,1,9,50,900000000.0,10000000,100000000.0,100.0,3.055556e-09,3055.556
177,110,1,11,61,1100000000.0,10000000,100000000.0,100.0,3.068182e-09,3068.182
296,130,1,13,72,1300000000.0,10000000,100000000.0,100.0,3.076923e-09,3076.923
435,150,1,15,83,1500000000.0,10000000,100000000.0,100.0,3.083333e-09,3083.333
9,60,1,6,33,600000000.0,10000000,100000000.0,100.0,3.125e-09,3125.0
434,150,1,15,82,1500000000.0,10000000,100000000.0,100.0,3.166667e-09,3166.667
295,130,1,13,71,1300000000.0,10000000,100000000.0,100.0,3.173077e-09,3173.0769999999998
176,110,1,11,60,1100000000.0,10000000,100000000.0,100.0,3.181818e-09,3181.8179999999998
97,90,1,9,49,900000000.0,10000000,100000000.0,100.0,3.194444e-09,3194.444
495,160,1,16,87,1600000000.0,10000000,100000000.0,100.0,3.203125e-09,3203.125
34,70,1,7,38,700000000.0,10000000,100000000.0,100.0,3.214286e-09,3214.286
221,120,1,12,65,1200000000.0,10000000,100000000.0,100.0,3.229167e-09,3229.167
134,100,1,10,54,1000000000.0,10000000,100000000.0,100.0,3.25e-09,3250.0
294,130,1,13,70,1300000000.0,10000000,100000000.0,100.0,3.269231e-09,3269.231
63,80,1,8,43,800000000.0,10000000,100000000.0,100.0,3.28125e-09,3281.25
175,110,1,11,59,1100000000.0,10000000,100000000.0,100.0,3.295455e-09,3295.4550000000004
347,140,1,14,75,1400000000.0,10000000,100000000.0,100.0,3.303571e-09,3303.571
8,60,1,6,32,600000000.0,10000000,100000000.0,100.0,3.333333e-09,3333.3329999999996
493,160,1,16,85,1600000000.0,10000000,100000000.0,100.0,3.359375e-09,3359.375
293,130,1,13,69,1300000000.0,10000000,100000000.0,100.0,3.365385e-09,3365.3849999999998
133,100,1,10,53,1000000000.0,10000000,100000000.0,100.0,3.375e-09,3375.0
33,70,1,7,37,700000000.0,10000000,100000000.0,100.0,3.392857e-09,3392.857
174,110,1,11,58,1100000000.0,10000000,100000000.0,100.0,3.409091e-09,3409.0910000000003
431,150,1,15,79,1500000000.0,10000000,100000000.0,100.0,3.416667e-09,3416.667
62,80,1,8,42,800000000.0,10000000,100000000.0,100.0,3.4375e-09,3437.5000000000005
292,130,1,13,68,1300000000.0,10000000,100000000.0,100.0,3.461538e-09,3461.5379999999996
95,90,1,9,47,900000000.0,10000000,100000000.0,100.0,3.472222e-09,3472.2220000000007
345,140,1,14,73,1400000000.0,10000000,100000000.0,100.0,3.482143e-09,3482.143
132,100,1,10,52,1000000000.0,10000000,100000000.0,100.0,3.5e-09,3500.0
491,160,1,16,83,1600000000.0,10000000,100000000.0,100.0,3.515625e-09,3515.625
173,110,1,11,57,1100000000.0,10000000,100000000.0,100.0,3.522727e-09,3522.7270000000003
7,60,1,6,31,600000000.0,10000000,100000000.0,100.0,3.541667e-09,3541.667000000001
291,130,1,13,67,1300000000.0,10000000,100000000.0,100.0,3.557692e-09,3557.6920000000005
32,70,1,7,36,700000000.0,10000000,100000000.0,100.0,3.571429e-09,3571.429
429,150,1,15,77,1500000000.0,10000000,100000000.0,100.0,3.583333e-09,3583.3330000000005
61,80,1,8,41,800000000.0,10000000,100000000.0,100.0,3.59375e-09,3593.7499999999995
94,90,1,9,46,900000000.0,10000000,100000000.0,100.0,3.611111e-09,3611.111
131,100,1,10,51,1000000000.0,10000000,100000000.0,100.0,3.625e-09,3625.0000000000005
172,110,1,11,56,1100000000.0,10000000,100000000.0,100.0,3.636364e-09,3636.364
217,120,1,12,61,1200000000.0,10000000,100000000.0,100.0,3.645833e-09,3645.8330000000005
290,130,1,13,66,1300000000.0,10000000,100000000.0,100.0,3.653846e-09,3653.8459999999995
343,140,1,14,71,1400000000.0,10000000,100000000.0,100.0,3.660714e-09,3660.7139999999995
428,150,1,15,76,1500000000.0,10000000,100000000.0,100.0,3.666667e-09,3666.667
489,160,1,16,81,1600000000.0,10000000,100000000.0,100.0,3.671875e-09,3671.875
6,60,1,6,30,600000000.0,10000000,100000000.0,100.0,3.75e-09,3749.9999999999995
487,160,1,16,79,1600000000.0,10000000,100000000.0,100.0,3.828125e-09,3828.125
426,150,1,15,74,1500000000.0,10000000,100000000.0,100.0,3.833333e-09,3833.3329999999996
341,140,1,14,69,1400000000.0,10000000,100000000.0,100.0,3.839286e-09,3839.2859999999996
288,130,1,13,64,1300000000.0,10000000,100000000.0,100.0,3.846154e-09,3846.1539999999995
215,120,1,12,59,1200000000.0,10000000,100000000.0,100.0,3.854167e-09,3854.167
170,110,1,11,54,1100000000.0,10000000,100000000.0,100.0,3.863636e-09,3863.636
129,100,1,10,49,1000000000.0,10000000,100000000.0,100.0,3.875e-09,3874.9999999999995
92,90,1,9,44,900000000.0,10000000,100000000.0,100.0,3.888889e-09,3888.8890000000006
59,80,1,8,39,800000000.0,10000000,100000000.0,100.0,3.90625e-09,3906.2499999999995
425,150,1,15,73,1500000000.0,10000000,100000000.0,100.0,3.916667e-09,3916.6670000000004
30,70,1,7,34,700000000.0,10000000,100000000.0,100.0,3.928571e-09,3928.5710000000004
287,130,1,13,63,1300000000.0,10000000,100000000.0,100.0,3.942308e-09,3942.3080000000004
5,60,1,6,29,600000000.0,10000000,100000000.0,100.0,3.958333e-09,3958.333
169,110,1,11,53,1100000000.0,10000000,100000000.0,100.0,3.977273e-09,3977.273
485,160,1,16,77,1600000000.0,10000000,100000000.0,100.0,3.984375e-09,3984.375
128,100,1,10,48,1000000000.0,10000000,100000000.0,100.0,4e-09,4000.0000000000005
339,140,1,14,67,1400000000.0,10000000,100000000.0,100.0,4.017857e-09,4017.8570000000004
91,90,1,9,43,900000000.0,10000000,100000000.0,100.0,4.027778e-09,4027.7780000000002
286,130,1,13,62,1300000000.0,10000000,100000000.0,100.0,4.038462e-09,4038.4620000000004
58,80,1,8,38,800000000.0,10000000,100000000.0,100.0,4.0625e-09,4062.5000000000005
423,150,1,15,71,1500000000.0,10000000,100000000.0,100.0,4.083333e-09,4083.333
168,110,1,11,52,1100000000.0,10000000,100000000.0,100.0,4.090909e-09,4090.9090000000006
29,70,1,7,33,700000000.0,10000000,100000000.0,100.0,4.107143e-09,4107.143
127,100,1,10,47,1000000000.0,10000000,100000000.0,100.0,4.125e-09,4125.0
285,130,1,13,61,1300000000.0,10000000,100000000.0,100.0,4.134615e-09,4134.615
483,160,1,16,75,1600000000.0,10000000,100000000.0,100.0,4.140625e-09,4140.625
4,60,1,6,28,600000000.0,10000000,100000000.0,100.0,4.166667e-09,4166.667
337,140,1,14,65,1400000000.0,10000000,100000000.0,100.0,4.196429e-09,4196.429
167,110,1,11,51,1100000000.0,10000000,100000000.0,100.0,4.204545e-09,4204.545
57,80,1,8,37,800000000.0,10000000,100000000.0,100.0,4.21875e-09,4218.75
284,130,1,13,60,1300000000.0,10000000,100000000.0,100.0,4.230769e-09,4230.769
126,100,1,10,46,1000000000.0,10000000,100000000.0,100.0,4.25e-09,4250.0
211,120,1,12,55,1200000000.0,10000000,100000000.0,100.0,4.270833e-09,4270.8330000000005
28,70,1,7,32,700000000.0,10000000,100000000.0,100.0,4.285714e-09,4285.714
481,160,1,16,73,1600000000.0,10000000,100000000.0,100.0,4.296875e-09,4296.875
89,90,1,9,41,900000000.0,10000000,100000000.0,100.0,4.305556e-09,4305.556
166,110,1,11,50,1100000000.0,10000000,100000000.0,100.0,4.318182e-09,4318.182000000001
283,130,1,13,59,1300000000.0,10000000,100000000.0,100.0,4.326923e-09,4326.923
420,150,1,15,68,1500000000.0,10000000,100000000.0,100.0,4.333333e-09,4333.3330000000005
3,60,1,6,27,600000000.0,10000000,100000000.0,100.0,4.375e-09,4375.0
419,150,1,15,67,1500000000.0,10000000,100000000.0,100.0,4.416667e-09,4416.6669999999995
282,130,1,13,58,1300000000.0,10000000,100000000.0,100.0,4.423077e-09,4423.077
165,110,1,11,49,1100000000.0,10000000,100000000.0,100.0,4.431818e-09,4431.818
88,90,1,9,40,900000000.0,10000000,100000000.0,100.0,4.444444e-09,4444.444
479,160,1,16,71,1600000000.0,10000000,100000000.0,100.0,4.453125e-09,4453.125000000001
27,70,1,7,31,700000000.0,10000000,100000000.0,100.0,4.464286e-09,4464.286
209,120,1,12,53,1200000000.0,10000000,100000000.0,100.0,4.479167e-09,4479.167
124,100,1,10,44,1000000000.0,10000000,100000000.0,100.0,4.5e-09,4500.0
281,130,1,13,57,1300000000.0,10000000,100000000.0,100.0,4.519231e-09,4519.231
55,80,1,8,35,800000000.0,10000000,100000000.0,100.0,4.53125e-09,4531.25
164,110,1,11,48,1100000000.0,10000000,100000000.0,100.0,4.545455e-09,4545.455
333,140,1,14,61,1400000000.0,10000000,100000000.0,100.0,4.553571e-09,4553.571000000001
2,60,1,6,26,600000000.0,10000000,100000000.0,100.0,4.583333e-09,4583.333
477,160,1,16,69,1600000000.0,10000000,100000000.0,100.0,4.609375e-09,4609.375
280,130,1,13,56,1300000000.0,10000000,100000000.0,100.0,4.615385e-09,4615.385
123,100,1,10,43,1000000000.0,10000000,100000000.0,100.0,4.625e-09,4625.0
26,70,1,7,30,700000000.0,10000000,100000000.0,100.0,4.642857e-09,4642.857
163,110,1,11,47,1100000000.0,10000000,100000000.0,100.0,4.659091e-09,4659.090999999999
416,150,1,15,64,1500000000.0,10000000,100000000.0,100.0,4.666667e-09,4666.667
54,80,1,8,34,800000000.0,10000000,100000000.0,100.0,4.6875e-09,4687.5
279,130,1,13,55,1300000000.0,10000000,100000000.0,100.0,4.711538e-09,4711.5380000000005
86,90,1,9,38,900000000.0,10000000,100000000.0,100.0,4.722222e-09,4722.222
331,140,1,14,59,1400000000.0,10000000,100000000.0,100.0,4.732143e-09,4732.143
122,100,1,10,42,1000000000.0,10000000,100000000.0,100.0,4.75e-09,4750.0
475,160,1,16,67,1600000000.0,10000000,100000000.0,100.0,4.765625e-09,4765.625
162,110,1,11,46,1100000000.0,10000000,100000000.0,100.0,4.772727e-09,4772.727
1,60,1,6,25,600000000.0,10000000,100000000.0,100.0,4.791667e-09,4791.6669999999995
278,130,1,13,54,1300000000.0,10000000,100000000.0,100.0,4.807692e-09,4807.692
25,70,1,7,29,700000000.0,10000000,100000000.0,100.0,4.821429e-09,4821.429
414,150,1,15,62,1500000000.0,10000000,100000000.0,100.0,4.833333e-09,4833.333
53,80,1,8,33,800000000.0,10000000,100000000.0,100.0,4.84375e-09,4843.75
85,90,1,9,37,900000000.0,10000000,100000000.0,100.0,4.861111e-09,4861.111000000001
121,100,1,10,41,1000000000.0,10000000,100000000.0,100.0,4.875e-09,4875.0
161,110,1,11,45,1100000000.0,10000000,100000000.0,100.0,4.886364e-09,4886.3640000000005
205,120,1,12,49,1200000000.0,10000000,100000000.0,100.0,4.895833e-09,4895.8330000000005
277,130,1,13,53,1300000000.0,10000000,100000000.0,100.0,4.903846e-09,4903.8460000000005
329,140,1,14,57,1400000000.0,10000000,100000000.0,100.0,4.910714e-09,4910.714
413,150,1,15,61,1500000000.0,10000000,100000000.0,100.0,4.916667e-09,4916.667
473,160,1,16,65,1600000000.0,10000000,100000000.0,100.0,4.921875e-09,4921.875
0,60,1,6,24,600000000.0,10000000,100000000.0,100.0,5e-09,5000.0
